{"cameraMode":{"drawMode":0,"name":"Shaded","section":"Shading Mode"},"sceneLighting":false,"audioPlay":false,"sceneViewState":{"m_AlwaysRefresh":false,"showFog":true,"showSkybox":false,"showFlares":true,"showImageEffects":true,"showParticleSystems":true,"showVisualEffectGraphs":true,"m_FxEnabled":true},"in2DMode":false,"pivot":{"x":0.33374977111816409,"y":-0.2438834309577942,"z":0.08449027687311173},"rotation":{"x":0.32088199257850649,"y":-0.6286998987197876,"z":0.3189629912376404,"w":0.6324833631515503},"size":1.1660254001617432,"orthographic":false}