{"cameraMode":{"drawMode":0,"name":"Shaded","section":"Shading Mode"},"sceneLighting":false,"audioPlay":false,"sceneViewState":{"m_AlwaysRefresh":false,"showFog":true,"showSkybox":false,"showFlares":true,"showImageEffects":true,"showParticleSystems":true,"showVisualEffectGraphs":true,"m_FxEnabled":true},"in2DMode":false,"pivot":{"x":0.11759555339813233,"y":-0.23832571506500245,"z":-0.044938087463378909},"rotation":{"x":0.17271560430526734,"y":-0.6538069248199463,"z":0.15688274800777436,"w":0.7197903394699097},"size":1.5073950290679932,"orthographic":false}